,product
1,digilux
2,sx170
3,sz7
4,s120
5,st70
6,wb2200f
7,m70
8,g15
9,s7-b
10,vluu st10
11,l5
12,pdr-3300
13,sl300
14,cyber410
15,dsc-tx7
16,ex-fc10
17,dmc-lz6s
18,dsc-wx80/r
19,sp-310
20,cx62
21,c-7000
22,c-2040
23,hc600
24,d-sn
25,a85
26,e-3
27,x500-bk
28,d4000_kenox
29,pl70
30,s1
31,e60
32,mvcfd100
33,sd950is
34,s1050
35,α35
36,s3600
37,gh5s
38,x-560
39,zr400
40,a3150
41,pro815
42,s63
43,1ds mark ii
44,v7
45,a1100is
46,k-s2
47,dmc-fz70
48,ex-z35
49,vluu st5500
50,fe-45
51,es15
52,sd640
53,p88
54,nx210
55,800d
56,mvccd2
57,l610
58,mvccd1000
59,sd940is
60,a30
61,d2x
62,dsc-hx9v
63,ex-zr100
64,s330
65,g10
66,dimage s304
67,f450
68,dmc-fh24k
69,nv30
70,nv404
71,s6000fd
72,t55
73,k-r
74,a570
75,s8
76,5d mark iv
77,wg-30w
78,ex-z
79,wb1000
80,sx600
81,zr700
82,dimage x60
83,l77
84,mx-1
85,m580
86,nx5
87,g85kgc
88,dsc-w710/b
89,sx210is
90,dv300f
91,k-30
92,dx3600
93,dmc-fx55k
94,wb100
95,digimax 130
96,jz250
97,st77
98,dimage x31
99,dmc-fh5
100,sd980
101,dmc-fz150k
102,ex-zs5
103,dscu10
104,sd970is
105,a1250-b
106,st50
107,dmc-zs6
108,a2600
109,fe-115
110,es20
111,x5
112,fz1000ga
113,dimage x1
114,s328
115,dsc-hx30v
116,sd890i
117,c-4040
118,c-300
119,wb100zbabus
120,hs30exr
121,sx520
122,s1070
123,t-10
124,dscw
125,sx110
126,c-2100
127,s6400
128,s220
129,st200f
130,c-920
131,a10
132,wb5000
133,nx20
134,dsc-h5
135,p3
136,dscw330
137,s51
138,pdr-m60
139,p7100
140,nex-5a
141,nex5k
142,vluu wb1100f
143,dv100
144,sd6
145,dmc-ls7
146,c-960
147,mvcfd200
148,pl120
149,z1285
150,110
151,v61
152,d800e
153,optio vs20
154,dsch1
155,dmc-tz50s
156,c-5500
157,s3000
158,v700
159,α55
160,vm-a350t
161,f500exr
162,d4
163,gx-1s
164,s510
165,p50
166,mvc-fd83
167,g7 x
168,a495
169,s7
170,i834
171,ts55
172,dc-m42
173,dimage 2330
174,st600
175,dimage e40
176,s202
177,f401
178,r7
179,dscp72
180,s16
181,dscw200
182,ex-z7
183,vluu ex2f
184,d-340r
185,sz-16
186,dscs90
187,p300
188,t99
189,z759
190,om-d
191,d-lux
192,f770exr
193,sd630
194,dimage s404
195,xg-1
196,x-t1
197,g11
198,k-50
199,kodak pixpro az251
200,p6000
201,dmc-fx12k
202,b10
203,a490
204,s560
205,f440
206,c-720
207,x10
208,dimage xi
209,s700
210,s5100
211,s5000
212,dimage z6
213,d-lux5
214,s6000
215,d-490
216,hs50exr
217,d4s
218,e330
219,dscw170
220,st20
221,dsc-hx200v
222,sp-590
223,dsc-w7
224,ps6
225,eos-1d
226,vluu es55
227,sp-565u
228,e-p3
229,cia-1237pc
230,s4000
231,c-1400xl
232,wb750
233,i85
234,dx3500
235,x40
236,m853
237,digimax 300
238,dmc-gh4kbody
239,hx20
240,kodak pixpro az526
241,l320
242,e51
243,stylus sp-820
244,sd980is
245,s205
246,m341
247,vluu es75
248,gfx 50s
249,c30wpz
250,l12
251,s57
252,gc100
253,sd10
254,d-560
255,dsc-w230
256,l200
257,ez
258,a1000i
259,f80
260,digimax 202
261,z700exr
262,dcc
263,dsc-tx30/b
264,dc5
265,α7
266,a720
267,g9
268,x-e2
269,dsc-tx100v
270,dmc-fs20
271,sd300
272,c763
273,a3000
274,nx1
275,exz
276,dcc-725
277,dmc-fx500k
278,α3000
279,f80exr
280,vluu m300w
281,f900ex
282,ex-z850
283,d700
284,dimage x21
285,d30
286,stylus 410
287,x2
288,s1m
289,dimage g400
290,dimage g600
291,f300ex
292,d 400
293,m532
294,nx300m
295,stylus 830
296,d560
297,c-750
298,kodak pixpro az362
299,dscp
300,kenox x15 wide
301,m305
302,d3400
303,sd3
304,pentax k-01
305,m893is
306,nikon coolpix a
307,fe3
308,dxg-3
309,e9
310,ex2f
311,dmc-gf3x
312,v3746
313,s830
314,c34
315,α100
316,fe-4010
317,kodak pixpro sl5
318,t730
319,c-lux
320,wg-20
321,e-500
322,g12
323,e3
324,pdc-5080
325,a4000is
326,m583
327,dimage a2
328,dimage 7hi
329,z 7
330,fe-3
331,e-p1
332,dsc-h3
333,a7s
334,vm-a670
335,nex-5
336,f6
337,f40fd
338,e1486t
339,α9
340,dimage s414
341,kodak pixpro az361
342,kenox d4
343,f660exr
344,fe-170
345,s6100
346,dsct7
347,dslra580l
348,pl100
349,zr200
350,st201
351,dmc-tz
352,kodak pixpro spz1
353,z915
354,fe-290
355,f10
356,fe-270
357,α7 iii
358,s9100
359,a810
360,320
361,m517
362,dv180f
363,stylus 850sw
364,l16
365,optio wg-2
366,a620
367,x80
368,ex-fh25
369,v1
370,dxg
371,ek-gc110
372,hz50w
373,fe-4040
374,c53
375,k2000
376,sd890
377,l85
378,sx20is
379,α560
380,1000d
381,dual-view
382,cl80
383,dmc-fx75k
384,vluu pl120
385,z800exr
386,md80
387,c-860l
388,fe-360
389,s51c
390,sl1
391,nv8
392,z760
393,c5wp
394,l620
395,sdc-k50
396,i103
397,fe-240
398,d-535
399,dmc-zs35k
400,eyeq
401,f-601
402,e620
403,a95
404,ex-fh20
405,gr ii
406,l60
407,dsc-tx55
408,d90
409,m530
410,c87
411,e8
412,l10
413,kodak pixpro fz53
414,d470_kenox
415,fe-190
416,d50
417,ax50
418,e-pm1
419,nv3
420,sipix stylecam snap
421,tl110
422,u-ca3
423,c-755
424,tl34hd
425,sx50
426,wb550
427,52
428,m1063
429,dmc-l1
430,m550
431,dc240
432,a40
433,e-20
434,professional hd
435,digimax 301
436,dmc-fz35
437,zd710
438,m380
439,gh4agc
440,c663
441,slt-a35
442,d-460
443,x-e2s
444,ec-st95
445,g6kk
446,d750
447,s760
448,s1rm
449,ex-s770rd
450,panasonic digital
451,sd790i
452,dmc-lc33
453,j145
454,20da
455,z650
456,c-150
457,mx1063
458,kp
459,dimage xg
460,sf-a
461,d3200
462,s91
463,dscp71
464,dsc-wx150
465,dsc-w220
466,dsc-h70
467,a33
468,dmc-lx
469,x-t100
470,ex-s10rd
471,p7700
472,es73
473,720sw
474,f20
475,fz200
476,1080i
477,dmc-f2s
478,d3x
479,es95
480,kenox s800
481,t7
482,c7
483,k-5
484,e-30
485,m1093
486,dsc-w22
487,ex-h10
488,v603
489,dscs750
490,dc1512
491,stylus 300
492,dmc-fz60
493,nex-f3
494,sp-510
495,r96
496,dmc-fs2
497,nxmini
498,xz-1
499,mvc-fd87
500,c-1400l
501,h4d-50
502,e-m1x
503,e337
504,sd990
505,5d mark ii
506,f650
507,x1
508,a520
509,l74
510,pck-lh2am
511,d7_kenox
512,dsc-w530
513,z5
514,s200ex
515,pl150
516,ir-300
517,dsc-tx9/r
518,dmc-sz3
519,l22
520,ps8
521,1d x mark ii
522,l19
523,dscp7
524,c-745
525,cx7330
526,α68
527,s400
528,sd880
529,dmc-zs9
530,fe-200
531,h855-p
532,dimage z2
533,a6000
534,dc34
535,33wr
536,dsc-n2
537,dc32
538,wb110
539,6d
540,f700
541,pocket digital 130
542,sp-550
543,st71
544,35 mp3
545,xsi
546,pen e-pl5
547,e5
548,xq
549,l820
550,α900
551,dimage z1
552,dmc-l
553,g7k
554,harajuku
555,dsc-rx100m
556,dmc-fx07k
557,18191
558,m552
559,e-1
560,stylus 760
561,d70
562,t2i
563,sd1200is
564,a3200
565,xf10
566,10.1 megapixel
567,fe-120
568,l15
569,d-5
570,p330
571,a800
572,α37
573,s100
574,f55
575,l210
576,sz-10
577,x7
578,f200ex
579,c-60
580,cx7300
581,dmc-fz100
582,a145
583,cdv100
584,m522
585,mv800
586,aw100
587,dmc-fz50s
588,50d
589,pdr-m4
590,m compact system
591,mvc-cd200
592,st5500
593,a1000
594,v1073
595,z98
596,dmc-fx35a
597,emerson evc555sl
598,l29
599,dsc-h20/b
600,it100
601,sp-600u
602,5500
603,wb2100
604,caa-330rc
605,i633
606,vluu pl50
607,p510
608,a300
609,fe-2
610,ex-z1000
611,nx1000
612,s1800
613,h200
614,vluu st88
615,dmc-zs
616,dsct33
617,v2500
618,mvccd400
619,s9
620,sx10i
621,dsc-s6
622,s52c
623,pl60
624,k200d
625,s2980
626,dscv3
627,pj1
628,z340
629,dmc-fx0
630,c-840l
631,dscp200
632,digimax 230
633,evecase durable
634,dmc-gf5kk
635,5d
636,mvc-fd95
637,x50
638,fe-230
639,慣7_kenox
640,a2300
641,l3
642,a470
643,v6
644,c9wp
645,st60
646,st95
647,vluu pl100
648,d5
649,s6900
650,c-80
651,tough-6000
652,tl210
653,α6300
654,fe-180
655,sx200is
656,dscf505v
657,fe-310
658,d-565
659,900s
660,c135
661,s31
662,s40
663,x600
664,sx120
665,s294
666,fe-280
667,s30
668,cl18
669,1d x
670,α7s ii
671,a330l
672,pro grade 5
673,α290
674,cyber300_kenox
675,dscw5
676,d535
677,dmc-g3
678,vluu dv2014f
679,dsc-w370
680,f600exr
681,a1050-b
682,fe-400
683,fe-502
684,cyber400_kenox
685,stylus 790sw
686,dsc-t50
687,dmc-fs5p-k
688,dimage 5
689,es30
690,d401_kenox
691,v7024
692,a80
693,ec-st65
694,l4
695,d3100_kenox
696,a100
697,v7028
698,12.0 megapixel
699,x-a1
700,dmc-gf2
701,c-55
702,gx-1l
703,m590
704,dslra350k
705,cdv500hdg
706,ex-z750
707,sd770
708,x-pro
709,r717
710,s4500
711,sp-320
712,m8
713,d370_kenox
714,s9700
715,sd40
716,vluu st50
717,vq5115p
718,c-370
719,dmc-g1
720,vluu pl200
721,ls75
722,s1030
723,sd990is
724,α6400
725,dschx20v
726,770sw
727,sx240
728,digimax 350
729,pl10
730,dmc-fz3
731,dsc-wx50
732,d40x
733,e-10
734,coolpix 5600
735,dmc-fz1
736,x70
737,ex-z75
738,m1073is
739,dsc-wx70
740,dmc-fx33k
741,d1
742,wb600
743,fe-1
744,dscp92
745,sx1is
746,m3
747,sd1300
748,v53
749,dmc-fp7
750,e1500t
751,fe-26
752,z950
753,jz300
754,dmc-fz200
755,ex-z150
756,p7000
757,dx759
758,dscp73
759,k-0
760,st6500
761,dmc-lx3
762,vluu pl150
763,st500
764,x018
765,tl105
766,v1500
767,nx2000
768,dmc-zs5
769,m5370
770,tough tg-3
771,s200
772,v46-r
773,sx10
774,a6
775,2v7wp
776,dscs730
777,l11
778,l23
779,α700
780,r9
781,vectis s 1
782,dsctx30
783,fe-340
784,t350
785,s6300
786,c-740
787,cd82
788,vluu pl101
789,c70
790,es91
791,dsc-w290
792,z200f
793,dimage x
794,vtech kidizoom
795,m5
796,m200
797,aw100s
798,olympus x-42
799,dsc-w570
800,kodak pixpro az521
801,p310
802,dsc-t
803,dmc-f3k
804,a640
805,s300
806,c-8080
807,sd30
808,x550-bk
809,c43
810,slt-a99v
811,s1100pj
812,c-420l
813,md55
814,sd100
815,s6150
816,e1050tw-rd
817,d-xenon 18-55
818,dscs75
819,c-1000l
820,ec-st700st600
821,hz10
822,e52
823,fe-4030
824,dsc-w730
825,dmc-zs10
826,fe-5020
827,vluu st500
828,α7r
829,vluu pl20
830,video journal
831,α500
832,c813
833,500i
834,760d
835,sl620
836,a460
837,cl65
838,kenox u-ca5
839,vluu es65
840,tough tg-850
841,700d
842,xp20
843,ax500
844,st531tblk
845,s2000h
846,e-m5
847,sdc-k65s
848,s520
849,k-01
850,dscp8
851,s9300
852,c-3020
853,wb50f
854,s7000
855,j28
856,is2132-blac
857,a650
858,α6500
859,fe-5030
860,mp3_kenox
861,fe-3010
862,ls74
863,nx100
864,sx60
865,caa-500
866,dmc-fs
867,r607
868,s6200
869,ex-s8
870,sx120i
871,s850
872,mvcfd75
873,i80
874,dsc-wx10
875,zr300
876,dc2200
877,sp-810
878,s8200
879,pen e-p2
880,dmc-gf3kk
881,dsc-tx
882,ec-tl500zbpbus
883,pen e-pl3
884,dimage x50
885,dsc-w620
886,2000a
887,nv24hd
888,fe-4020
889,vluu nv20
890,dmc-ls
891,d2h pro
892,sm-j510l
893,digimax 101
894,hx400v/b
895,kb
896,pw460t
897,z74
898,1050sw
899,l20
900,fh6
901,a1400
902,pl171
903,hz35w
904,dmc-gh2
905,a430
906,vluu st60
907,a75
908,d530_kenox
909,dmc-g10
910,s9500
911,pl121
912,r8
913,ex-s10s
914,5ds
915,dscp51
916,dmc-lz20k
917,sz-1
918,a410
919,g16
920,c9
921,st96
922,st5000
923,d4_kenox
924,sx30
925,c20wp
926,610uz
927,dmc-zr3
928,dsc-s98
929,dsc-w100
930,fe-301
931,howell
932,dsc-w180
933,dslra500
934,l83t
935,mdc-5000
936,dx3215
937,c-3000
938,vectis s 100
939,c-600l
940,e-100rs
941,5d mark iii
942,f60
943,1d mark iv
944,dc35
945,s60
946,s9200
947,kodak pixpro az525
948,d50_kenox
949,d-39
950,c618
951,coolpix s2
952,leica v-lux2
953,40i
954,ge-e8
955,g2
956,gx-20
957,5tl
958,xf1
959,wb350f
960,nv4
961,wg-2
962,dsc-h7
963,a310
964,hs10
965,m737
966,dmc-sz5k
967,sd4500
968,cx743
969,c36
970,tough tg-860
971,nex-3nl
972,l310
973,kodak pixpro sp1
974,s3m
975,α57
976,hs25exr
977,fe-250
978,dsc-wx1/
979,d760
980,rca
981,ps120
982,a380
983,vluu st600
984,st90
985,ex-h20gbk
986,vluu es20
987,dsc-f8
988,eos-10d
989,sx270
990,sx200
991,d80
992,dsc-hx10v
993,a400
994,wg-4
995,nx300
996,f90x
997,c3wp
998,t400
999,α5100
1000,sx720
1001,ex-z29
1002,c-160
1003,d502_kenox
1004,fz2500ga
1005,s2
1006,brio
1007,10d
1008,blink
1009,k-7
1010,l830
1011,sd4000is
1012,zl-4
1013,a570is
1014,c182
1015,nex-6/b
1016,zs15
1017,dmc-fh10
1018,kodak pixpro az365
1019,c123
1020,l25
1021,wg-5
1022,kenox u-ca50
1023,d600
1024,dscs40
1025,vga
1026,dsc-tx20
1027,vluu st1000
1028,sh100
1029,f70ex
1030,s1060
1031,dx3700
1032,dscw830
1033,sp-570u
1034,sd780is
1035,sl-310w
1036,a3
1037,a700
1038,α6000
1039,vluu pl121
1040,d-100
1041,mvcfd85
1042,emerson
1043,c-460
1044,vpc-t70
1045,dmc-fz
1046,dimage f200
1047,z710
1048,c195
1049,e-400
1050,cxa-800
1051,k10d
1052,m30
1053,pdr-43
1054,sp-720
1055,s2700
1056,1ds
1057,kodak pixpro sl25
1058,c1550
1059,s4300
1060,s5200
1061,wb2000
1062,c180
1063,kodak pixpro s-1
1064,e-5
1065,j150
1066,dsc-t1
1067,nex-3
1068,dscw55
1069,sx700
1070,pl210
1071,pb360
1072,dmc-lx7w
1073,argus bean 5
1074,wsca04
1075,p5000
1076,sd940
1077,stylus 400
1078,vx029
1079,40d
1080,c-1
1081,dmc-zr1
1082,stylus sp-100ee
1083,fe-25
1084,d100
1085,df fx
1086,2300z
1087,dsc-h90
1088,vivitar mini
1089,l105
1090,dylax-7xi
1091,digimax 420
1092,e30
1093,xg
1094,z1
1095,s1000pj
1096,7d mark ii
1097,fe-110
1098,dmc-ts10
1099,a1456w-bk
1100,ex-z3
1101,dimage rd 3000
1102,d-2
1103,sp
1104,ps32
1105,a7
1106,vluu pl60
1107,vluu st95
1108,100d
1109,f100
1110,ex-s10b
1111,k-1
1112,mobius actioncam
1113,ek-gc100zwakoo
1114,sd1400
1115,dimage v
1116,x700
1117,d-150
1118,c20
1119,gopro hero3
1120,v80
1121,digimax 201
1122,750d
1123,c-211
1124,s52
1125,s2500h
1126,coolpix 5900
1127,tg-820
1128,m6
1129,f50
1130,dmc-gh1k
1131,s8100f
1132,dsch50
1133,wb850f
1134,a8
1135,a2000i
1136,gx7
1137,q25wide
1138,hs50ex
1139,600d
1140,zr1000
1141,a5000
1142,c-5000
1143,st68
1144,dimage e201
1145,l14
1146,a610
1147,sx40
1148,z8612is
1149,st80
1150,light field
1151,sd3500
1152,z712
1153,g95m
1154,vluu nv9
1155,70d
1156,80d
1157,d2h
1158,s2600
1159,jv100
1160,f90
1161,1300d
1162,fe-4
1163,es60
1164,dmc-fs1
1165,s9900
1166,sd1
1167,ex-z6
1168,dslra850
1169,e-450
1170,j1
1171,v2
1172,dsc-hx5v
1173,ex-s1
1174,sz30
1175,s110
1176,v20
1177,dimage z10
1178,c-7070
1179,f800ex
1180,fd92
1181,stylus 710
1182,c-800l
1183,kenox ux4
1184,pixie
1185,d3300
1186,sx150
1187,sl40
1188,c143
1189,t5i
1190,sd750
1191,dimage e323
1192,vluu l2
1193,dscu30
1194,200vp3
1195,d7000
1196,c12wp
1197,dmc-fh20
1198,2v9wp
1199,c-220
1200,dsc-p5
1201,nx1100
1202,st66
1203,sd900
1204,dsc-t77
1205,i100
1206,dx49
1207,2v8wp
1208,jx200
1209,dscn1
1210,x100s
1211,dmc-ls8
1212,jx250
1213,stylus 9000
1214,dc1500
1215,kenox u-ca3
1216,520
1217,s4150
1218,l100
1219,g1 x
1220,kodak pixpro az651
1221,l840
1222,dx6340
1223,fe-5000
1224,d200
1225,nv15
1226,qv-2900uxcf
1227,coolpix 5000
1228,x-5
1229,sl10
1230,nv40
1231,m5350
1232,es90
1233,l28
1234,mvc-fd88
1235,nx500
1236,d2hs
1237,f750exr
1238,gm1ks
1239,a64
1240,m1033
1241,k-3ii silver
1242,b500
1243,dscu60
1244,c142
1245,a4000
1246,nx10
1247,dmc-fz8k
1248,dmc-fz18s
1249,sp-620u
1250,coolpix 8700
1251,fe-300
1252,pl55
1253,dimage xt
1254,s610c
1255,pdr-m
1256,dscs780
1257,z1275
1258,a2500
1259,1100d
1260,z885
1261,c1530
1262,s410
1263,dsc-s30
1264,a1300
1265,a2300 hd
1266,sd960
1267,u-c
1268,j250
1269,s630
1270,l1
1271,f850ex
1272,v4_kenox
1273,stylus 730
1274,m381
1275,i7
1276,fe-5010
1277,dscp32
1278,e-410
1279,a510
1280,kodak pixpro sp360
1281,dmc-tz4s
1282,c-120
1283,s10
1284,t3i
1285,fe-210
1286,sd200
1287,f-401s
1288,qv-r4
1289,vluu dv180f
1290,sp-600
1291,s32
1292,ec-pl120
1293,rx1
1294,s600
1295,c-21
1296,kodak pixpro fz201
1297,st45
1298,sp-570
1299,a390
1300,sd20
1301,dmc-lf1
1302,vluu st80
1303,s73
1304,c-lux 3
1305,x-560wp
1306,x-h1
1307,coolpix 7600
1308,vluu ek-gc110
1309,p712
1310,α65
1311,a22
1312,820uz
1313,tx30
1314,sx220
1315,ek-gn120zkaxar
1316,tl205
1317,dc-t
1318,l73
1319,fx-150k
1320,sdc-210
1321,vectis weathermatic
1322,vluu st5000
1323,dp2
1324,sx260
1325,pl200
1326,p7
1327,s6500
1328,slt-a57
1329,gx10
1330,d-435
1331,s01
1332,v17-wht
1333,tl225
1334,q1
1335,720uz
1336,sdc-k65b
1337,d5300
1338,v8018
1339,w1
1340,dmc-lz7k
1341,d3s
1342,tough-8000
1343,sp-800
1344,p4
1345,e42
1346,z70
1347,z1085
1348,f75
1349,hz15
1350,av100
1351,pl51
1352,pen e-pl2
1353,l2
1354,dmc-s3
1355,pen e-p1
1356,pl80
1357,sx30is
1358,dmc-fx58
1359,dmc-ls85
1360,d60
1361,dsc-t10
1362,kenox u-ca4
1363,v5022
1364,dmc-fh22
1365,a580
1366,c-730
1367,exilim 12.1 megapixel
1368,s3500
1369,fe-4000
1370,ec-st76zzbpbus
1371,n3000
1372,hz30w
1373,dmc
1374,dmc-fx700
1375,dmc-g2
1376,a55
1377,sx500
1378,c-830l
1379,ricoh theta v
1380,α300
1381,dscp52
1382,sp-500
1383,dsc-h10
1384,c-310
1385,vq5115b
1386,s860
1387,ex-z120
1388,stylus 750
1389,c-2500l
1390,evc355bk
1391,s425
1392,f65
1393,st710
1394,l27
1395,f550exr
1396,sl3
1397,dmc-fh3
1398,α390
1399,vluu es25
1400,dmc-fz28
1401,polaroid instant
1402,i10
1403,l26
1404,p725
1405,f70
1406,d450
1407,wb500
1408,α33
1409,shw-m200
1410,cd4_kenox
1411,dmc-fx4
1412,dsc-s700
1413,s9400w
1414,α380
1415,kenox v10
1416,ex-z33pk
1417,nv7
1418,k110d
1419,pdc 640
1420,fe-160
1421,fh-8
1422,pdc-700
1423,dc4800
1424,s20
1425,c1505
1426,nex-5rk/s
1427,α77
1428,k1000
1429,fe-140
1430,sd960is
1431,w30
1432,c-2000
1433,cia-1437t
1434,350d
1435,l810
1436,250d
1437,e41
1438,sx130
1439,d850
1440,wb30f
1441,dmc-s1
1442,f50f
1443,e550
1444,dv150f
1445,dslra580
1446,d-425
1447,a600
1448,dmc-gx1k
1449,cx42
1450,ex-z1050
1451,nx3000
1452,d7200
1453,s570
1454,ir-500
1455,st100
1456,c33
1457,wp10
1458,g1x
1459,dx763
1460,pdr-m70
1461,nex-3n
1462,sd850
1463,s640
1464,a3100 i
1465,s3300
1466,a350
1467,lz30
1468,d5_kenox
1469,stylus 1050sw
1470,sd550
1471,optio rz18
1472,tg-620
1473,ec-wb210
1474,xs1
1475,t1035
1476,wx5
1477,d10
1478,dc1200
1479,640cf
1480,x100f
1481,g95h
1482,dsc-f505
1483,ax655
1484,nex-5n
1485,e-m
1486,sl321
1487,mini waterproof sports dvr
1488,c79900
1489,c643
1490,m110
1491,c-360
1492,c18
1493,fe-46
1494,e-p2
1495,d5200
1496,sdc-4304
1497,xti
1498,aw1
1499,1200d
1500,sx20
1501,α5000
1502,dmc-fz2
1503,dscu20
1504,s230
1505,ex-z77
1506,c78900
1507,dsc-t900
1508,sx130is
1509,a20
1510,dimage g530
1511,dimage e203
1512,ex-z80
1513,dmc-3d1
1514,sd790
1515,vluu st550
1516,j4
1517,c-760
1518,4700
1519,pen e-p5
1520,sd3500is
1521,s56
1522,fe-3000
1523,ge-a8
1524,dscp1
1525,dx64
1526,vluu ek-gc200
1527,6d mark ii
1528,a500
1529,dsc-v1
1530,c-3040
1531,dmc-zs7
1532,sd500
1533,shv-e500s
1534,dmc-f2k
1535,dscw70
1536,dcm-099
1537,e40
1538,mv900
1539,dscs85
1540,sd4000
1541,a3300
1542,1d c
1543,m575
1544,x-m1
1545,ex-zr10
1546,p500
1547,dsc-tx9/h
1548,x20
1549,3-in-
1550,kenox d860
1551,dmc-lz10
1552,l730
1553,sp-590u
1554,dc2
1555,hz25w
1556,e-m1
1557,sd1000
1558,c-50
1559,dmc-g5kk
1560,dsc-wx9
1561,a125
1562,pv-dc30
1563,sanyo
1564,xp70
1565,α580
1566,sx160
1567,wx100
1568,s22
1569,wsct01-00114
1570,nex-6
1571,a230l
1572,dsc-hx1
1573,fe-220
1574,z20f
1575,α330
1576,dslr-a550
1577,a630
1578,emerson evc655sl
1579,c653
1580,me-5
1581,dimage z5
1582,f-401
1583,cmos
1584,c-725
1585,cre00-bk
1586,vr-320
1587,a9
1588,pl65
1589,a560
1590,dsc-tx66
1591,dscw610
1592,pro7d
1593,d3100
1594,l7
1595,pro1
1596,60da
1597,30d
1598,d810
1599,f60f
1600,sp-565
1601,sd700
1602,x-t2
1603,510
1604,iclick
1605,m547
1606,gfx 50r
1607,m4
1608,dscp10
1609,z990
1610,dsc-t110
1611,sd800
1612,v57
1613,c-620l
1614,dx45
1615,vpc
1616,a210
1617,wb150f
1618,es70
1619,hs35ex
1620,a5
1621,stylus 1060
1622,z981
1623,dsct30
1624,vluu st710
1625,dmc-lx2k
1626,dmc-fp8
1627,c6
1628,sl82
1629,d5100
1630,ax550
1631,coolpix 8400
1632,a1200
1633,dmc-fx35
1634,dscw150
1635,ex-z108
1636,kodak pixpro sp360 4k
1637,elph135
1638,ex-z2000
1639,dmc-zs3
1640,p100
1641,a550
1642,coolpix 8800
1643,00534k
1644,dimage 7
1645,u-ca
1646,d7500
1647,200d
1648,zs30
1649,dmc-fx50k
1650,v1253
1651,77d
1652,a2400
1653,ex-s
1654,a450
1655,digimax 240
1656,vluu st6500
1657,k-3 ii
1658,c-500l
1659,z90
1660,dx43
1661,dscr1
1662,g400
1663,dimage 7i
1664,s8100
1665,550d
1666,tl240
1667,α550
1668,d430_kenox
1669,sx100
1670,x100
1671,ecosh
1672,vg-120
1673,dsc-w630/p
1674,d7100
1675,α99
1676,stylus 7000
1677,p80
1678,v8025
1679,x-t30
1680,uz
1681,ex-z90
1682,kodak pixpro fz43
1683,sh-50
1684,d500
1685,dsc-w190
1686,sakar monster high
1687,dsc-h
1688,mvccd350
1689,gh4gc
1690,p520
1691,dsc-s2100
1692,dimage f100
1693,megapixel
1694,s1r
1695,c-400l
1696,a900
1697,4000d
1698,s2500
1699,dmc-fs3a
1700,400d
1701,dimage e223
1702,m50
1703,ex-z4
1704,z812is
1705,z5120
1706,ex-h5b
1707,wb250f
1708,d250
1709,dmc-gf3ct
1710,wb700
1711,d5600
1712,dsc-w690
1713,m863
1714,c633
1715,z 6
1716,wb210
1717,dc3185
1718,s203
1719,vluu st90
1720,l201
1721,m2
1722,c-770
1723,t3
1724,pdc-640
1725,c-400
1726,c6wp
1727,fe-320
1728,7hi
1729,qv3000ex
1730,ex-zs10
1731,m577
1732,s95
1733,j2
1734,dmc-lx5
1735,a345
1736,vluu wb5500
1737,md41
1738,e1480
1739,dmc-fz40
1740,cdv200
1741,x60
1742,st1000
1743,s602
1744,action shot
1745,a77
1746,r
1747,sd110
1748,e-pm2
1749,vr-37
1750,xi
1751,nv100hd
1752,ec-st700
1753,sdc-80
1754,kenox s700
1755,dcs-1050
1756,dscw650
1757,e-m10
1758,dsc-wx300/r
1759,dmc-tz3k
1760,vluu i85
1761,sp-800u
1762,digimax 35
1763,z612
1764,d540
1765,es17
1766,sd1200
1767,qc-2185
1768,ax65
1769,a950-
1770,dscf7
1771,i73
1772,7030
1773,a710
1774,d5500
1775,ex-s6
1776,v5
1777,stylus 780
1778,dsc-t70
1779,c215xi
1780,s4200
1781,s710
1782,dscs60
1783,d5000
1784,α350
1785,cdv700gw
1786,nx11
1787,a2000
1788,a420
1789,gr
1790,60d
1791,stylus 800
1792,a530
1793,s4100
1794,nex-5r
1795,sx70
1796,e-420
1797,e-pl1
1798,a250
1799,vectis 2000
1800,v1003
1801,dsc-tx30
1802,1d
1803,x-e1
1804,xs
1805,k100d
1806,stylus 500
1807,xz-10
1808,z100
1809,c-7
1810,cim-1237r
1811,v38
1812,ex1
1813,v2000
1814,a3100is
1815,d3
1816,a101
1817,tl350
1818,dscw80
1819,nex-7
1820,sz-31m
1821,stylus 1040
1822,dsc-w310
1823,sz1
1824,dscp100
1825,s610
1826,p5100
1827,s730
1828,α230
1829,c2
1830,650d
1831,d300s
1832,dlux 6
1833,v10
1834,z3
1835,dimage f300
1836,mz
1837,20d
1838,c-70
1839,dmc-zs8
1840,g5
1841,zs19
1842,i735
1843,dsc-t500
1844,sipix
1845,s5
1846,a590
1847,vluu dv150f
1848,s1000f
1849,snap mini
1850,kodak pixpro az501
1851,ax300
1852,pl20
1853,digimax 340
1854,ek-gc200
1855,stylus 720sw
1856,t135
1857,l18
1858,a170
1859,mvc-fd73
1860,vt328p
1861,5ds r
1862,s210
1863,zs20
1864,st72
1865,c-350
1866,7022
1867,s100fs
1868,f810
1869,dcs-p30
1870,mvccd500
1871,hd motorsports hero on-board high-definition
1872,l310w
1873,f5
1874,nx200
1875,nex-5t
1876,es10
1877,fh27
1878,dv101
1879,dv5300se
1880,v55
1881,dmc-lc4
1882,dscf707
1883,p340
1884,c3030
1885,stylus 820
1886,es65
1887,p530
1888,dimage x20
1889,jx580
1890,1ds mark iii
1891,dsc-s95
1892,l21
1893,4900
1894,d2xs
1895,wb800f
1896,kd-400z
1897,sd780
1898,dsc-w130
1899,s1200pj
1900,c743
1901,130bc
1902,real 3d w3
1903,rx100m
1904,rs1000
1905,x-pro2
1906,c-30
1907,dmc-fh20k
1908,c-2
1909,ex-z550
1910,a3500
1911,c-450
1912,dsc-w330
1913,dolphin 007 spy
1914,dmc-zs25
1915,s500
1916,wb35f
1917,1255w-b
1918,kodak pixpro fz41
1919,j3
1920,dmc-gf6k
1921,α7 ii
1922,m
1923,st76
1924,xz-2
1925,s3
1926,v3
1927,l6
1928,a70
1929,sq
1930,wb380f
1931,aq100
1932,ex-fh100
1933,sl600
1934,kenox d430
1935,stylus 740
1936,p60
1937,dsct300
1938,740
1939,s90
1940,α7r ii
1941,coolpix 5700
1942,rz10
1943,d40
1944,v4000_kenox
1945,a200
1946,eye-q 1300
1947,sx280
1948,vivicam 5.1
1949,v1233
1950,g1
1951,dscw120
1952,easysha
1953,ex-z1
1954,8300s
1955,e-330
1956,sd400
1957,wb1100f
1958,jx500
1959,m1093is
1960,dsc-hx100v
1961,m415
1962,sd950
1963,d1x
1964,d70s
1965,e-510
1966,hs20
1967,s6
1968,18-55wr
1969,sx210
1970,e760
1971,elph-150
1972,500d
1973,m525
1974,x31
1975,shv-e310l
1976,cd33
1977,dimage e500
1978,v3935
1979,p900
1980,c160
1981,d-3
1982,s9600
1983,kodak pixpro fz51
1984,s2950
1985,s50
1986,d-xenon 50-200
1987,dsc-w560
1988,sl1000
1989,ex-z800
1990,c-820l
1991,v7022
1992,d-360l
1993,s2550
1994,sd970
1995,dsc-s70
1996,sd770i
1997,p850
1998,sp-350
1999,d20
2000,dsc-p50
2001,dmc-fx30k
2002,dmc-fp1
2003,nex-c3
2004,e-300
2005,es80
2006,kodak pixpro fz151
2007,dmc-fh25k
2008,lmini 350
2009,sd600
2010,pro90
2011,nikon coolpix a10
2012,ec-pl210
2013,c-2020
2014,s3200
2015,dimage 2300
2016,v-lux 1
2017,dsc-s
2018,dsc-hx300/b
2019,stylus 1200
2020,vluu i70
2021,vluu l301
2022,c5500
2023,dimage z3
2024,pen e-pl1
2025,a480
2026,sp-620
2027,e-pl3
2028,x-e3
2029,sz-20
2030,f850exr
2031,z73
2032,slt-a65v
2033,ex-v7sr
2034,s550
2035,dsc-rx100/b
2036,s650
2037,stylus 600
2038,dimage g500
2039,α200
2040,ec-sh100
2041,cds4100
2042,7d
2043,slic
2044,x-a5
2045,digimax 200
2046,st700
2047,dc3400
2048,b700
2049,vluu st65
2050,v69379-sil
2051,d810a
2052,pl170
2053,e-p5
2054,c190
2055,t1i
2056,m763
2057,kodak pixpro az522
2058,pv-sd4090
2059,dmc-fx37a
2060,dmc-fp3
2061,s203s
2062,a60
2063,g6
2064,fe-350
2065,p7800
2066,fx100k
2067,1500d
2068,j10
2069,sd450
2070,m100
2071,s70
2072,i8
2073,a7r
2074,gh5lga
2075,s620
2076,es28
2077,cvd600
2078,l120
2079,i5
2080,fe-20
2081,dmc-fx33s
2082,18176
2083,f1
2084,1d mark ii
2085,e-620
2086,slt-a58k
2087,ls44
2088,cds6300
2089,z148
2090,s3100
2091,α450
2092,dimage e50
2093,stylus 770sw
2094,d610
2095,z33wp
2096,ex-zr200
2097,ps720
2098,mdc-40
2099,ex-z70
2100,mvc-fd90
2101,dsc-hx7v
2102,gfx100
2103,stylus 725sw
2104,a2200
2105,sp-550uz
2106,ex-z9
2107,x500
2108,dimage a200
2109,rz-18
2110,f300
2111,a2100is
2112,rebel xs
2113,stylus 1000
2114,nv5
2115,mv900f
2116,p600
2117,m23
2118,dsc-w670/b
2119,g7
2120,coolpix 5400
2121,cx6330
2122,mx-1200
2123,tg-310
2124,430r
2125,vx020-red
2126,dp1
2127,sx230
2128,α7r iii
2129,α850
2130,xp130
2131,q2
2132,aw120
2133,pen e-p3
2134,dmc-gf1
2135,dx649
2136,vluu es71
2137,a330
2138,1d mark ii n
2139,e4
2140,k20d
2141,dimage a1
2142,i-zone
2143,sx510
2144,dscp31
2145,stylus 1030sw
2146,vg-180
2147,d1h
2148,s6800
2149,a201
2150,α58
2151,c-470
2152,t4i
2153,d3000
2154,st150f
2155,coolpix 5100
2156,nx mini
2157,vluu l100
2158,l24
2159,nv11
2160,ex-s5
2161,j5
2162,dimage z20
2163,dsc-tx5
2164,i70
2165,nx
2166,sd870
2167,sdc-35
2168,s80
2169,1d mark iii
2170,fe-130
2171,ge-a7
2172,zs40k
2173,a50
2174,c613
2175,s1000
2176,x-s
2177,e-pl2
2178,m340
2179,m75
2180,vluu ex1
2181,330uc
2182,s45
2183,a65
2184,e-520
2185,dsc-w510
2186,pen e-pm1
2187,f100f
2188,sd1100
2189,c-4000
2190,dmc-ls75s
2191,sl 320
2192,s61
2193,dsctx30b
2194,sv-as10s
2195,cdv400
2196,xp140
2197,dsct5
2198,l110
2199,vluu st30
2200,dmc-lc
2201,sl20
2202,c300
2203,a540
2204,if045-orng-blis-
2205,dmc-fz47k
2206,dx39
2207,g3
2208,kodak palmpix
2209,wg-3
2210,dsc-w350
2211,ex-s100
2212,dscw300
2213,z1012
2214,concepts vga
2215,dmc-lz
2216,p1000
2217,a290l
2218,p90
2219,ex-z80b
2220,stylus 810
2221,m10
2222,dsc-t90
2223,kodak pixpro sl10
2224,s800c
2225,l30
2226,t200
2227,shv-e210l
2228,zd1
2229,fe-501
2230,nex-5k
2231,stylus 550wp
2232,a4
2233,sl42
2234,c-765
2235,es71
2236,c71
2237,mvc-fd91
2238,mvccd3
2239,d800
2240,sz7k
2241,p2
2242,sdc-k60r
2243,ax200
2244,e1
2245,c103
2246,dmc-fx10p
2247,c-5060
2248,j1470s-rd
2249,t300
2250,nx30
2251,v705
2252,d-370
2253,sx120is
2254,x209
2255,dmc-gh3k
2256,c913
2257,s2800hd
2258,ex-s880
2259,α3500
2260,s7c
2261,coolpix 7900
2262,s02
2263,x-t3
2264,fe-150
2265,sx1
2266,f4
2267,h90
2268,11 pmp
2269,s23
2270,nv10
2271,450d
2272,fe-47
2273,kodak pixpro az422
2274,vivicam 10
2275,s800
2276,eos m
2277,sd880i
2278,exz7
2279,z5fd
2280,zo
2281,digimax 330
2282,z10fd
2283,vr-34
2284,f-801s
2285,ex-tr15we
2286,coolpix 5200
2287,vg-16
2288,f31fd
2289,gx-10
2290,dmc-f
2291,wb200f
2292,c-5050
2293,c-40
2294,s11
2295,d300
2296,s8000
2297,gr iii
2298,s680
2299,a3400
2300,dimage ex
2301,sl605
2302,s4
2303,d3 fx
2304,d3500
2305,dx744
2306,a1100
2307,x-t20
2308,sl50
2309,sx610
2310,ex-h5rd
2311,sp-560
2312,α7s
2313,dp-1
2314,sigma
2315,α qx1
2316,fe-100
2317,p610
2318,caa-200
2319,tl220
2320,shw-m250l
2321,vg-110
2322,nex3a
2323,tg-61
2324,p1
2325,f30
2326,d6_kenox
2327,digital concepts
2328,c-990
2329,300d
2330,f-401x
2331,fe-370
2332,3000z
2333,dsc-t200
2334,cx753
2335,x85
2336,s85
2337,ev-nx100
2338,dmc-fh1
2339,s50c
2340,k-x
2341,dsc-h55
2342,sd430
2343,elph
2344,z1015is
2345,rp
2346,vs2
2347,gh5ga
